Estimado Carlos Silva,816437103-38
Raimundo Nonato,711291568-69
Felizberto da Fonseca,818123125-20
Karoline Fernanda,626555796-31
Ismael Moby,746216528-77
Ahbraaao Carlinhos,832125052-14
Sebastiao de Oliveira,374649735-34
Joana Batista,362786681-90
Fernando Albuquerque,546821152-19
Carla Santos,057683786-50
Roberto da Silva,332037569-51
Avogardo Feliz,126379438-66
Greta Maria Santos de Lima,541141688-42
Joao Beiruto,544743539-00
Alex Casa de Atila,150798760-93
Carlos Alberto Oliveira,251479315-50
Renata Alves,021466854-51
Felipe Pereira,114722436-84
Ana Carolina Lima,541141688-43
Paulo Henrique Sousa,237178896-00
Juliana Oliveira,220146399-93
Rafaela Mendes,994875221-60